{
  "PUT Update profiles" : {
    "transaction" : "PUT Update profiles",
    "sampleCount" : 700,
    "errorCount" : 0,
    "errorPct" : 0.0,
    "meanResTime" : 6343.62714285715,
    "medianResTime" : 6677.0,
    "minResTime" : 1258.0,
    "maxResTime" : 10730.0,
    "pct1ResTime" : 9641.2,
    "pct2ResTime" : 10105.699999999999,
    "pct3ResTime" : 10642.93,
    "throughput" : 1.2891344383057088,
    "receivedKBytesPerSec" : 1.776518257941989,
    "sentKBytesPerSec" : 11.59033832585175
  },
  "GET List product" : {
    "transaction" : "GET List product",
    "sampleCount" : 700,
    "errorCount" : 0,
    "errorPct" : 0.0,
    "meanResTime" : 2782.0142857142855,
    "medianResTime" : 2311.5,
    "minResTime" : 1001.0,
    "maxResTime" : 9496.0,
    "pct1ResTime" : 5196.299999999999,
    "pct2ResTime" : 6477.649999999998,
    "pct3ResTime" : 8021.1,
    "throughput" : 1.2932738673692223,
    "receivedKBytesPerSec" : 2.254520237542078,
    "sentKBytesPerSec" : 0.5759110190628569
  },
  "DEL Delete product" : {
    "transaction" : "DEL Delete product",
    "sampleCount" : 700,
    "errorCount" : 0,
    "errorPct" : 0.0,
    "meanResTime" : 2759.300000000002,
    "medianResTime" : 2102.5,
    "minResTime" : 43.0,
    "maxResTime" : 10188.0,
    "pct1ResTime" : 6019.699999999999,
    "pct2ResTime" : 7082.95,
    "pct3ResTime" : 9216.880000000001,
    "throughput" : 1.3482124628760068,
    "receivedKBytesPerSec" : 1.157645791121443,
    "sentKBytesPerSec" : 0.5911595662415303
  },
  "POST Registration" : {
    "transaction" : "POST Registration",
    "sampleCount" : 700,
    "errorCount" : 0,
    "errorPct" : 0.0,
    "meanResTime" : 5513.347142857144,
    "medianResTime" : 5423.0,
    "minResTime" : 698.0,
    "maxResTime" : 11102.0,
    "pct1ResTime" : 8794.5,
    "pct2ResTime" : 9522.55,
    "pct3ResTime" : 10482.95,
    "throughput" : 1.2788191019036137,
    "receivedKBytesPerSec" : 2.1801457197239578,
    "sentKBytesPerSec" : 0.37453450128338633
  },
  "GET Categories" : {
    "transaction" : "GET Categories",
    "sampleCount" : 700,
    "errorCount" : 0,
    "errorPct" : 0.0,
    "meanResTime" : 4808.202857142859,
    "medianResTime" : 4683.5,
    "minResTime" : 375.0,
    "maxResTime" : 10255.0,
    "pct1ResTime" : 8256.1,
    "pct2ResTime" : 8921.349999999999,
    "pct3ResTime" : 9769.0,
    "throughput" : 1.2801029934294141,
    "receivedKBytesPerSec" : 1.337607620087376,
    "sentKBytesPerSec" : 0.22001770199568055
  },
  "GET List Offers" : {
    "transaction" : "GET List Offers",
    "sampleCount" : 700,
    "errorCount" : 0,
    "errorPct" : 0.0,
    "meanResTime" : 2784.492857142858,
    "medianResTime" : 2082.0,
    "minResTime" : 265.0,
    "maxResTime" : 9539.0,
    "pct1ResTime" : 6294.5,
    "pct2ResTime" : 6913.799999999999,
    "pct3ResTime" : 7934.530000000002,
    "throughput" : 1.3249520651270725,
    "receivedKBytesPerSec" : 1.4599685252904957,
    "sentKBytesPerSec" : 0.557670253974383
  },
  "POST Login" : {
    "transaction" : "POST Login",
    "sampleCount" : 700,
    "errorCount" : 0,
    "errorPct" : 0.0,
    "meanResTime" : 7428.189999999998,
    "medianResTime" : 7789.5,
    "minResTime" : 922.0,
    "maxResTime" : 11042.0,
    "pct1ResTime" : 9924.3,
    "pct2ResTime" : 10178.9,
    "pct3ResTime" : 10701.59,
    "throughput" : 1.2748597654258031,
    "receivedKBytesPerSec" : 2.172839112697603,
    "sentKBytesPerSec" : 0.3559451861522911
  },
  "PUT Update offer" : {
    "transaction" : "PUT Update offer",
    "sampleCount" : 700,
    "errorCount" : 0,
    "errorPct" : 0.0,
    "meanResTime" : 2441.741428571431,
    "medianResTime" : 1828.0,
    "minResTime" : 65.0,
    "maxResTime" : 9742.0,
    "pct1ResTime" : 5693.9,
    "pct2ResTime" : 6776.65,
    "pct3ResTime" : 8729.92,
    "throughput" : 1.3425264429761894,
    "receivedKBytesPerSec" : 3.4194680418772356,
    "sentKBytesPerSec" : 0.6476641238576539
  },
  "POST Create product" : {
    "transaction" : "POST Create product",
    "sampleCount" : 700,
    "errorCount" : 0,
    "errorPct" : 0.0,
    "meanResTime" : 5433.40571428571,
    "medianResTime" : 5614.5,
    "minResTime" : 1030.0,
    "maxResTime" : 10179.0,
    "pct1ResTime" : 8682.4,
    "pct2ResTime" : 9217.3,
    "pct3ResTime" : 9734.380000000001,
    "throughput" : 1.2876286478979464,
    "receivedKBytesPerSec" : 2.214856001154267,
    "sentKBytesPerSec" : 10.1095734615137
  },
  "Total" : {
    "transaction" : "Total",
    "sampleCount" : 9100,
    "errorCount" : 0,
    "errorPct" : 0.0,
    "meanResTime" : 4026.236483516479,
    "medianResTime" : 2950.5,
    "minResTime" : 43.0,
    "maxResTime" : 11102.0,
    "pct1ResTime" : 8029.800000000001,
    "pct2ResTime" : 9009.949999999999,
    "pct3ResTime" : 10129.99,
    "throughput" : 15.855978923744939,
    "receivedKBytesPerSec" : 24.185865655318022,
    "sentKBytesPerSec" : 25.4884691041459
  },
  "GET Category by id" : {
    "transaction" : "GET Category by id",
    "sampleCount" : 700,
    "errorCount" : 0,
    "errorPct" : 0.0,
    "meanResTime" : 2468.5942857142823,
    "medianResTime" : 2000.5,
    "minResTime" : 368.0,
    "maxResTime" : 9639.0,
    "pct1ResTime" : 5158.099999999999,
    "pct2ResTime" : 6766.499999999999,
    "pct3ResTime" : 9008.550000000001,
    "throughput" : 1.289694968715685,
    "receivedKBytesPerSec" : 0.9220455391293453,
    "sentKBytesPerSec" : 0.22418525823378116
  },
  "GET Profiles" : {
    "transaction" : "GET Profiles",
    "sampleCount" : 700,
    "errorCount" : 0,
    "errorPct" : 0.0,
    "meanResTime" : 2690.8142857142884,
    "medianResTime" : 2058.0,
    "minResTime" : 380.0,
    "maxResTime" : 10083.0,
    "pct1ResTime" : 5997.3,
    "pct2ResTime" : 7442.399999999998,
    "pct3ResTime" : 8961.98,
    "throughput" : 1.2909008090259784,
    "receivedKBytesPerSec" : 1.4238754784401124,
    "sentKBytesPerSec" : 0.5307316802733759
  },
  "GET Product by id" : {
    "transaction" : "GET Product by id",
    "sampleCount" : 700,
    "errorCount" : 0,
    "errorPct" : 0.0,
    "meanResTime" : 2471.5471428571427,
    "medianResTime" : 2013.5,
    "minResTime" : 1012.0,
    "maxResTime" : 7524.0,
    "pct1ResTime" : 4706.699999999999,
    "pct2ResTime" : 5705.499999999999,
    "pct3ResTime" : 7058.67,
    "throughput" : 1.3095126742119538,
    "receivedKBytesPerSec" : 2.1678225990318962,
    "sentKBytesPerSec" : 0.5460565545786176
  },
  "POST Create offer" : {
    "transaction" : "POST Create offer",
    "sampleCount" : 700,
    "errorCount" : 0,
    "errorPct" : 0.0,
    "meanResTime" : 4415.797142857138,
    "medianResTime" : 4674.5,
    "minResTime" : 630.0,
    "maxResTime" : 7527.0,
    "pct1ResTime" : 6735.099999999999,
    "pct2ResTime" : 7009.849999999999,
    "pct3ResTime" : 7290.89,
    "throughput" : 1.3160541687895875,
    "receivedKBytesPerSec" : 3.359858018318534,
    "sentKBytesPerSec" : 0.687463881950881
  }
}